title,genre,release_date,country,url,poster_url,Siêu anh hùng,Tôn Giáo,Lãng mạn,Ma,Chiến tranh,Phiêu lưu,Trinh thám,Tình cảm,Kinh dị,Giả tưởng,Tội phạm,Tâm Linh,Hành động,Đẹp Trai,Cổ Trang,Chính kịch,Truyền hình thực tế,Hoạt hình,Bí ẩn,Gay cấn,Gia đình,Khoa học - Viễn tưởng,Hài,Hình sự,Thảm hoạ,Thể thao,Giật gân,Lịch sử,Âm Nhạc,Drama,Tài liệu,Tâm lý
Thỏ Ơi!!,"Chính kịch, Gay cấn, Hài",17/02/2026,,https://www.momo.vn/cinema/tho-oi-24729/review,https://cinema.momocdn.net/img/134038661854988617-finnalto.png?size=M,0,0,0,0,0,0,0,0,0,0,0,0,0,0,0,1,0,0,0,1,0,0,1,0,0,0,0,0,0,0,0,0
Avatar: Lửa và Tro Tàn,"Phiêu lưu, Khoa học - Viễn tưởng, Giả tưởng",19/12/2025,,https://www.momo.vn/cinema/avatar-fire-and-ash-24650/review,https://image.tmdb.org/t/p/w500/rpgjI1Cogod8SxCSrSQJoUOUNey.jpg,0,0,0,0,0,1,0,0,0,1,0,0,0,0,0,0,0,0,0,0,0,1,0,0,0,0,0,0,0,0,0,0
Báu Vật Trời Cho,"Chính kịch, Gia đình, Tình cảm",17/02/2026,,https://www.momo.vn/cinema/bau-vat-troi-cho-24696/review,https://cinema.momocdn.net/img/96903674459099153-fnbvtc.png?size=M,0,0,0,0,0,0,0,1,0,0,0,0,0,0,0,1,0,0,0,0,1,0,0,0,0,0,0,0,0,0,0,0
Nhà Ba Tôi Một Phòng,"Chính kịch, Gia đình, Hài",17/02/2026,,https://www.momo.vn/cinema/nha-ba-toi-mot-phong-24748/review,https://cinema.momocdn.net/img/158694907837778523-finabuatu.png?size=M,0,0,0,0,0,0,0,0,0,0,0,0,0,0,0,1,0,0,0,0,1,0,1,0,0,0,0,0,0,0,0,0
TÀI,"Gia đình, Hài, Hành động",06/03/2026,,https://www.momo.vn/cinema/tai-24788/review,https://cinema.momocdn.net/img/154822719454084779-PosterTAI.png?size=M,0,0,0,0,0,0,0,0,0,0,0,0,1,0,0,0,0,0,0,0,1,0,1,0,0,0,0,0,0,0,0,0
Cảm Ơn Người Đã Thức Cùng Tôi,"Gia đình, Tình cảm, Âm Nhạc",27/02/2026,,https://www.momo.vn/cinema/cam-on-nguoi-da-thuc-cung-toi-24635/review,https://cinema.momocdn.net/img/154825187331970676-PosterCONDTCTcompressed.jpg?size=M,0,0,0,0,0,0,0,1,0,0,0,0,0,0,0,0,0,0,0,0,1,0,0,0,0,0,0,0,1,0,0,0
Tiểu Yêu Quái Núi Lãng Lãng,"Phiêu lưu, Giả tưởng, Hài, Hoạt hình",23/01/2026,,https://www.momo.vn/cinema/tieu-yeu-quai-nui-lang-lang-24760/review,https://cinema.momocdn.net/img/96739515261817053-tyqnll-compressed.jpg?size=M,0,0,0,0,0,1,0,0,0,1,0,0,0,0,0,0,0,1,0,0,0,0,1,0,0,0,0,0,0,0,0,0
Mùi Phở,"Gia đình, Hài",17/02/2026,,https://www.momo.vn/cinema/mui-pho-24741/review,https://cinema.momocdn.net/img/33061769328054253-mpfinal.png?size=M,0,0,0,0,0,0,0,0,0,0,0,0,0,0,0,0,0,0,0,0,1,0,1,0,0,0,0,0,0,0,0,0
Nhà Mình Đi Thôi,"Gia đình, Hài",26/02/2026,,https://www.momo.vn/cinema/nha-minh-di-thoi-24789/review,https://image.tmdb.org/t/p/w500/eWSFLuz0uyA8eYwKzQoVtO1pN43.jpg,0,0,0,0,0,0,0,0,0,0,0,0,0,0,0,0,0,0,0,0,1,0,1,0,0,0,0,0,0,0,0,0
Quỷ Nhập Tràng 2,Kinh dị,13/03/2026,,https://www.momo.vn/cinema/quy-nhap-trang-2-24791/review,https://cinema.momocdn.net/img/154824927332790836-PosterQNT2compressed.jpg?size=M,0,0,0,0,0,0,0,0,1,0,0,0,0,0,0,0,0,0,0,0,0,0,0,0,0,0,0,0,0,0,0,0
Kumanthong Đài Loan: Oán Thai Đòi Mẹ,"Gay cấn, Kinh dị",06/02/2026,,https://www.momo.vn/cinema/mud-born-24738/review,https://cinema.momocdn.net/img/29689947865626275-mudbornposter.jpg?size=M,0,0,0,0,0,0,0,0,1,0,0,0,0,0,0,0,0,0,0,1,0,0,0,0,0,0,0,0,0,0,0,0
Tuyển Thủ Dê: Mùi Vị Chiến Thắng,"Gia đình, Hài, Hoạt hình",17/02/2026,,https://www.momo.vn/cinema/goat-24636/review,https://image.tmdb.org/t/p/w500/wZRJ3Q2XRJHov1SS80sTXbfjkz9.jpg,0,0,0,0,0,0,0,0,0,0,0,0,0,0,0,0,0,1,0,0,1,0,1,0,0,0,0,0,0,0,0,0
Đồi Gió Hú,"Chính kịch, Lãng mạn",27/02/2026,,https://www.momo.vn/cinema/wuthering-heights-24633/review,https://cinema.momocdn.net/img/35391407064057042-poster_payoff_doi_gio_hu_6-compressed.jpg?size=M,0,0,1,0,0,0,0,0,0,0,0,0,0,0,0,1,0,0,0,0,0,0,0,0,0,0,0,0,0,0,0,0
Hoppers: Cú Nhảy Kỳ Diệu,"Gia đình, Khoa học - Viễn tưởng, Hài, Hoạt hình",13/03/2026,,https://www.momo.vn/cinema/hoppers-24647/review,https://cinema.momocdn.net/img/154821982029424713-posterHoppers.png?size=M,0,0,0,0,0,0,0,0,0,0,0,0,0,0,0,0,0,1,0,0,1,1,1,0,0,0,0,0,0,0,0,0
Biệt Đội Thú Cưng: Cuộc Chiến Trên Đường Ray,"Gay cấn, Phiêu lưu, Hài, Hoạt hình",20/02/2026,,https://www.momo.vn/cinema/pets-on-a-train-24790/review,https://cinema.momocdn.net/img/35122630993689342-pets_on_a_train_tet_themed_poster-compressed.jpg?size=M,0,0,0,0,0,1,0,0,0,0,0,0,0,0,0,0,0,1,0,1,0,0,1,0,0,0,0,0,0,0,0,0
Không Còn Chúng Ta,"Chính kịch, Lãng mạn",06/03/2026,,https://www.momo.vn/cinema/once-we-were-us-24795/review,https://cinema.momocdn.net/img/13974443031192641-kooooooooooo.png?size=M,0,0,1,0,0,0,0,0,0,0,0,0,0,0,0,1,0,0,0,0,0,0,0,0,0,0,0,0,0,0,0,0
Thỏ Gà Du Xuân: Đại Náo Địa Đạo,"Gia đình, Phiêu lưu, Hài, Hoạt hình",17/02/2026,,https://www.momo.vn/cinema/chickenhare-and-the-secret-of-the-groundhog-24762/review,https://cinema.momocdn.net/img/149992517515262645-thoga.png?size=M,0,0,0,0,0,1,0,0,0,0,0,0,0,0,0,0,0,1,0,0,1,0,1,0,0,0,0,0,0,0,0,0
Quốc Bảo,Chính kịch,06/03/2026,,https://www.momo.vn/cinema/kokuho-24796/review,https://cinema.momocdn.net/img/13971239050605630-quocbao.png?size=M,0,0,0,0,0,0,0,0,0,0,0,0,0,0,0,1,0,0,0,0,0,0,0,0,0,0,0,0,0,0,0,0
Khủng Long Đón Tết,"Gia đình, Phiêu lưu, Hài, Hoạt hình",26/02/2026,,https://www.momo.vn/cinema/jungle-beat-2-the-past-24782/review,https://cinema.momocdn.net/img/96919321523477664-jb2.png?size=M,0,0,0,0,0,1,0,0,0,0,0,0,0,0,0,0,0,1,0,0,1,0,1,0,0,0,0,0,0,0,0,0
Chuyện Kinh Dị Giới Siêu Giàu,"Gay cấn, Kinh dị",27/02/2026,,https://www.momo.vn/cinema/janur-ireng-sewu-dino-the-prequel-24792/review,https://cinema.momocdn.net/img/13433290319039024-ckdgsg.jpg?size=M,0,0,0,0,0,0,0,0,1,0,0,0,0,0,0,0,0,0,0,1,0,0,0,0,0,0,0,0,0,0,0,0
Lời Nguyền Thư Viện Mikura,"Giả tưởng, Hoạt hình",06/03/2026,,https://www.momo.vn/cinema/whoever-steals-this-book-24794/review,https://cinema.momocdn.net/img/13970244741326360-mkira.png?size=M,0,0,0,0,0,0,0,0,0,1,0,0,0,0,0,0,0,1,0,0,0,0,0,0,0,0,0,0,0,0,0,0
Huyền Tình Dạ Trạch,Tình cảm,10/02/2026,,https://www.momo.vn/cinema/huyen-tinh-da-trach-24784/review,https://cinema.momocdn.net/img/133832598369903963-aothatcho.png?size=M,0,0,0,0,0,0,0,1,0,0,0,0,0,0,0,0,0,0,0,0,0,0,0,0,0,0,0,0,0,0,0,0
Stray Kids: The dominATE Experience Tour Diễn Toàn Cầu,"Âm Nhạc, Tài liệu",06/03/2026,,https://www.momo.vn/cinema/the-dominate-experience-24793/review,https://cinema.momocdn.net/img/13954565217140217-chaykit.png?size=M,0,0,0,0,0,0,0,0,0,0,0,0,0,0,0,0,0,0,0,0,0,0,0,0,0,0,0,0,1,0,1,0
Bus: Chuyến Xe Một Chiều,"Gay cấn, Kinh dị",20/03/2026,,https://www.momo.vn/cinema/bus-chuyen-xe-mot-chieu-24797/review,https://cinema.momocdn.net/img/154817085064495078-busmowo.png?size=M,0,0,0,0,0,0,0,0,1,0,0,0,0,0,0,0,0,0,0,1,0,0,0,0,0,0,0,0,0,0,0,0
Đếm Ngày Xa Mẹ,"Chính kịch, Gia đình",20/03/2026,,https://www.momo.vn/cinema/number-one-24785/review,https://cinema.momocdn.net/img/154903813702001734-noonemain.png?size=M,0,0,0,0,0,0,0,0,0,0,0,0,0,0,0,1,0,0,0,0,1,0,0,0,0,0,0,0,0,0,0,0
MAI,Lãng mạn,10/02/2024,Việt Nam,https://www.momo.vn/cinema/mai-23711/review,https://cinema.momocdn.net/img/51766330826251952-Mai_600x800.png,0,0,1,0,0,0,0,0,0,0,0,0,0,0,0,0,0,0,0,0,0,0,0,0,0,0,0,0,0,0,0,0
Nhà Gia Tiên,"Gia đình, Tâm Linh, Hài",21/02/2025,Việt Nam,https://www.momo.vn/cinema/nha-gia-tien-24210/review,https://cinema.momocdn.net/img/17174455224600722-NHAGIATIENSNEAK.jpg?size=M,0,0,0,0,0,0,0,0,0,0,0,1,0,0,0,0,0,0,0,0,1,0,1,0,0,0,0,0,0,0,0,0
Lật Mặt 7: Một Điều Ước,"Gia đình, Tình cảm, Hài",26/04/2024,Việt Nam,https://www.momo.vn/cinema/face-off-7-one-wish-23775/review,https://cinema.momocdn.net/img/37468944460128007-Untitled-1.jpg,0,0,0,0,0,0,0,1,0,0,0,0,0,0,0,0,0,0,0,0,1,0,1,0,0,0,0,0,0,0,0,0
Bộ Tứ Báo Thủ,"Hài, Lãng mạn",29/01/2025,,https://www.momo.vn/cinema/bo-tu-bao-thu-24186/review,https://cinema.momocdn.net/img/16827352750066146-image_2025_01_30T04_36_50_953Z.png?size=M,0,0,1,0,0,0,0,0,0,0,0,0,0,0,0,0,0,0,0,0,0,0,1,0,0,0,0,0,0,0,0,0
Thám Tử Kiên: Kỳ Án Không Đầu,"Bí ẩn, Gay cấn, Kinh dị, Hình sự",28/04/2025,,https://www.momo.vn/cinema/tham-tu-kien-ky-an-khong-dau-24272/review,https://cinema.momocdn.net/img/77368526851200910-kien.jpg?size=M,0,0,0,0,0,0,0,0,1,0,0,0,0,0,0,0,0,0,1,1,0,0,0,1,0,0,0,0,0,0,0,0
Mưa Đỏ,"Lịch sử, Hành động",22/08/2025,,https://www.momo.vn/cinema/mua-do-24511/review,https://cinema.momocdn.net/img/87791512525791828-luudanh.png?size=M,0,0,0,0,0,0,0,0,0,0,0,0,1,0,0,0,0,0,0,0,0,0,0,0,0,0,0,1,0,0,0,0
Nụ Hôn Bạc Tỷ,"Hài, Lãng mạn",29/01/2025,Việt Nam,https://www.momo.vn/cinema/nu-hon-bac-ty-24185/review,https://cinema.momocdn.net/img/31337174866614229-nhbt.jpg?size=M,0,0,1,0,0,0,0,0,0,0,0,0,0,0,0,0,0,0,0,0,0,0,1,0,0,0,0,0,0,0,0,0
Truy Tìm Long Diên Hương,"Hài, Hành động",14/11/2025,Việt Nam,https://www.momo.vn/cinema/truy-tim-long-dien-huong-24588/review,https://cinema.momocdn.net/img/41381767236832888-mainwhale.png?size=M,0,0,0,0,0,0,0,0,0,0,0,0,1,0,0,0,0,0,0,0,0,0,1,0,0,0,0,0,0,0,0,0
Lật Mặt 8: Vòng Tay Nắng,"Chính kịch, Gia đình, Âm Nhạc",30/04/2025,,https://www.momo.vn/cinema/lat-mat-8-vong-tay-nang-24262/review,https://cinema.momocdn.net/img/77210013985876184-lm81.png?size=M,0,0,0,0,0,0,0,0,0,0,0,0,0,0,0,1,0,0,0,0,1,0,0,0,0,0,0,0,1,0,0,0
Quật Mộ Trùng Ma (chiếu lại),"Bí ẩn, Gay cấn, Kinh dị",15/03/2024,Hàn Quốc,https://www.momo.vn/cinema/exhuma-23755/review,https://cinema.momocdn.net/img/80423365682447907-exhumaposter.jpeg?size=M,0,0,0,0,0,0,0,0,1,0,0,0,0,0,0,0,0,0,1,1,0,0,0,0,0,0,0,0,0,0,0,0
Tử Chiến Trên Không,"Gay cấn, Hình sự, Hành động",19/09/2025,Việt Nam,https://www.momo.vn/cinema/tu-chien-tren-khong-24543/review,https://cinema.momocdn.net/img/44256064714703964-longgggggggggg.png?size=M,0,0,0,0,0,0,0,0,0,0,0,0,1,0,0,0,0,0,0,1,0,0,0,1,0,0,0,0,0,0,0,0
Phi Vụ Động Trời 2 (Zootopia 2),"Gia đình, Phiêu lưu, Hài, Hoạt hình",28/11/2025,,https://www.momo.vn/cinema/zootopia-2-24320/review,https://cinema.momocdn.net/img/15304822439498794-zooooo2.png?size=M,0,0,0,0,0,1,0,0,0,0,0,0,0,0,0,0,0,1,0,0,1,0,1,0,0,0,0,0,0,0,0,0
Thám Tử Lừng Danh Conan: Ngôi Sao 5 Cánh 1 Triệu Đô,"Bí ẩn, Hình sự, Hành động, Hoạt hình",02/08/2024,Nhật Bản,https://www.momo.vn/cinema/conan-movie-27-the-milliondollar-pentagram-23844/review,https://cinema.momocdn.net/img/100409012704431103-conan.jpg,0,0,0,0,0,0,0,0,0,0,0,0,1,0,0,0,0,1,1,0,0,0,0,1,0,0,0,0,0,0,0,0
Địa Đạo: Mặt Trời Trong Bóng Tối,"Chiến tranh, Lịch sử",04/04/2025,,https://www.momo.vn/cinema/dia-dao-mat-troi-trong-bong-toi-24252/review,https://cinema.momocdn.net/img/122505961134951900-diadaiiiiiiiiii.png?size=M,0,0,0,0,1,0,0,0,0,0,0,0,0,0,0,0,0,0,0,0,0,0,0,0,0,0,0,1,0,0,0,0
Thanh Gươm Diệt Quỷ: Vô Hạn Thành (chiếu lại),"Gay cấn, Giả tưởng, Hành động, Hoạt hình",15/08/2025,,https://www.momo.vn/cinema/kimetsu-no-yaiba-infinity-castle-24433/review,https://cinema.momocdn.net/img/90126602072536934-kimesstu.png?size=M,0,0,0,0,0,0,0,0,0,1,0,0,1,0,0,0,0,1,0,1,0,0,0,0,0,0,0,0,0,0,0,0
Đất Rừng Phương Nam,"Chiến tranh, Chính kịch, Gia đình",16/10/2023,Việt Nam,https://www.momo.vn/cinema/song-of-the-south-993/review,https://cinema.momocdn.net/img/21556485482318514-poster.jpg,0,0,0,0,1,0,0,0,0,0,0,0,0,0,0,1,0,0,0,0,1,0,0,0,0,0,0,0,0,0,0,0
Quỷ Nhập Tràng,Kinh dị,07/03/2025,,https://www.momo.vn/cinema/quy-nhap-trang-24232/review,https://cinema.momocdn.net/img/129193422137553056-quynhaptrang.png?size=M,0,0,0,0,0,0,0,0,1,0,0,0,0,0,0,0,0,0,0,0,0,0,0,0,0,0,0,0,0,0,0,0
Thám Tử Lừng Danh Conan: Dư Ảnh Của Độc Nhãn (Chiếu lại),"Bí ẩn, Hình sự, Hành động, Hoạt hình",25/07/2025,,https://www.momo.vn/cinema/conan-movie-28-24316/review,https://cinema.momocdn.net/img/89520077420501400-conannn.png?size=M,0,0,0,0,0,0,0,0,0,0,0,0,1,0,0,0,0,1,1,0,0,0,0,1,0,0,0,0,0,0,0,0
CÁM,Kinh dị,20/09/2024,Việt Nam,https://www.momo.vn/cinema/the-sisters-23868/review,https://cinema.momocdn.net/img/108447383352578608-8QsdQVvaNPngTv6ZtLhk1CTOJia.jpg,0,0,0,0,0,0,0,0,1,0,0,0,0,0,0,0,0,0,0,0,0,0,0,0,0,0,0,0,0,0,0,0
Doraemon Movie 44: Nobita và Cuộc Phiêu Lưu Vào Thế Giới Trong Tranh,"Gia đình, Phiêu lưu, Giả tưởng, Hoạt hình",23/05/2025,,https://www.momo.vn/cinema/doraemon-movie-44-nobita-no-esekai-monogatari-24280/review,https://cinema.momocdn.net/img/80099757410724750-doemon.png?size=M,0,0,0,0,0,1,0,0,0,1,0,0,0,0,0,0,0,1,0,0,1,0,0,0,0,0,0,0,0,0,0,0
Tee Yod: Quỷ Ăn Tạng Phần 2,"Gay cấn, Kinh dị",18/10/2024,Thái Lan,https://www.momo.vn/cinema/tee-yod-2-24044/review,https://cinema.momocdn.net/img/50203322122973007-56744601924282197-Capture-2024-09-30-112200-compressed.jpg,0,0,0,0,0,0,0,0,1,0,0,0,0,0,0,0,0,0,0,1,0,0,0,0,0,0,0,0,0,0,0,0
Yêu Nhầm Bạn Thân,"Hài, Lãng mạn",29/01/2025,,https://www.momo.vn/cinema/yeu-nham-ban-than-24133/review,https://cinema.momocdn.net/img/31925480502221510-ynnbtt.jpg?size=M,0,0,1,0,0,0,0,0,0,0,0,0,0,0,0,0,0,0,0,0,0,0,1,0,0,0,0,0,0,0,0,0
Thiên Đường Máu,"Tâm lý, Hành động",30/12/2025,,https://www.momo.vn/cinema/thien-duong-mau-24734/review,https://cinema.momocdn.net/img/29952517870088969-tdmm.png?size=M,0,0,0,0,0,0,0,0,0,0,0,0,1,0,0,0,0,0,0,0,0,0,0,0,0,0,0,0,0,0,0,1
MA DA,Kinh dị,16/08/2024,Việt Nam,https://www.momo.vn/cinema/ma-da-23865/review,https://cinema.momocdn.net/img/52528406612837557-Untitled-1.jpg,0,0,0,0,0,0,0,0,1,0,0,0,0,0,0,0,0,0,0,0,0,0,0,0,0,0,0,0,0,0,0,0
Út Lan: Oán Linh Giữ Của,Kinh dị,20/06/2025,,https://www.momo.vn/cinema/ut-lan-oan-linh-giu-cua-24322/review,https://cinema.momocdn.net/img/79370384348530462-ditaoquay.png?size=M,0,0,0,0,0,0,0,0,1,0,0,0,0,0,0,0,0,0,0,0,0,0,0,0,0,0,0,0,0,0,0,0
Cửu Long Thành Trại: Vây Thành,"Gay cấn, Hành động",14/06/2024,Hồng Kông,https://www.momo.vn/cinema/twilight-of-the-warriors-walled-in-23846/review,https://cinema.momocdn.net/img/51766132477025367-CLTT_600x800.png,0,0,0,0,0,0,0,0,0,0,0,0,1,0,0,0,0,0,0,1,0,0,0,0,0,0,0,0,0,0,0,0
Làm Giàu Với Ma: Cuộc Chiến Hột Xoàn,"Chính kịch, Hài, Hành động",29/08/2025,,https://www.momo.vn/cinema/lam-giau-voi-ma-2-cuoc-chien-hot-xoan-24513/review,https://cinema.momocdn.net/img/122087509418796620-lgvm2.png?size=M,0,0,0,0,0,0,0,0,0,0,0,0,1,0,0,1,0,0,0,0,0,0,1,0,0,0,0,0,0,0,0,0
Godzilla x Kong: Đế Chế Mới (Chiếu lại),"Phiêu lưu, Khoa học - Viễn tưởng, Hành động",19/04/2025,Mỹ,https://www.momo.vn/cinema/godzilla-x-kong-the-new-empire-23713/review,https://cinema.momocdn.net/img/34886228500869215-u9OfO59SHIuXOO3gPSzEJUTSJbP.jpg,0,0,0,0,0,1,0,0,0,0,0,0,1,0,0,0,0,0,0,0,0,1,0,0,0,0,0,0,0,0,0,0
Chị Dâu,"Chính kịch, Hài",20/12/2024,,https://www.momo.vn/cinema/chi-dau-24144/review,https://cinema.momocdn.net/img/92218906195377219-poster_Chi_Dau.jpg?size=M,0,0,0,0,0,0,0,0,0,0,0,0,0,0,0,1,0,0,0,0,0,0,1,0,0,0,0,0,0,0,0,0
Người Vợ Cuối Cùng (Chiếu lại),"Chính kịch, Lãng mạn",19/01/2024,Việt Nam,https://www.momo.vn/cinema/nguoi-vo-cuoi-cung-23587/review,https://cinema.momocdn.net/img/15087893214581577-dRgYeBp48TwCU84d6BR7A3VwfUi.jpg,0,0,1,0,0,0,0,0,0,0,0,0,0,0,0,1,0,0,0,0,0,0,0,0,0,0,0,0,0,0,0,0
Làm Giàu Với Ma (Chiếu Lại),"Gia đình, Hài",30/08/2024,Việt Nam,https://www.momo.vn/cinema/lam-giau-voi-ma-23985/review,https://cinema.momocdn.net/img/52615077350325982-lamgiàu-với-ma.jpg,0,0,0,0,0,0,0,0,0,0,0,0,0,0,0,0,0,0,0,0,1,0,1,0,0,0,0,0,0,0,0,0
Đèn Âm Hồn,Kinh dị,07/02/2025,,https://www.momo.vn/cinema/the-soul-lantern-24214/review,https://cinema.momocdn.net/img/31430676986297982-denamhon.jpg?size=M,0,0,0,0,0,0,0,0,1,0,0,0,0,0,0,0,0,0,0,0,0,0,0,0,0,0,0,0,0,0,0,0
Gặp Lại Chị Bầu,"Gia đình, Hài, Lãng mạn",10/02/2024,Việt Nam,https://www.momo.vn/cinema/gap-lai-chi-bau-23735/review,https://cinema.momocdn.net/img/13459230988034261-GặpLạiChịBầu.png,0,0,1,0,0,0,0,0,0,0,0,0,0,0,0,0,0,0,0,0,1,0,1,0,0,0,0,0,0,0,0,0
Lật Mặt 6: Tấm Vé Định Mệnh,"Bí ẩn, Chính kịch, Hài, Hành động",28/04/2023,Việt Nam,https://www.momo.vn/cinema/lat-mat-6-tam-ve-dinh-menh-961/review,https://cinema.momocdn.net/img/9fbc661f-e26d-4544-8ee9-2e022ab5c329-67607266214674761.jpg,0,0,0,0,0,0,0,0,0,0,0,0,1,0,0,1,0,0,1,0,0,0,1,0,0,0,0,0,0,0,0,0
Quỷ Cẩu,Kinh dị,27/12/2023,Việt Nam,https://www.momo.vn/cinema/quy-cau-23693/review,https://cinema.momocdn.net/img/57605329125587112-QuyCau_600x800.png,0,0,0,0,0,0,0,0,1,0,0,0,0,0,0,0,0,0,0,0,0,0,0,0,0,0,0,0,0,0,0,0
Gia Tài Của Ngoại,Chính kịch,07/06/2024,Thái Lan,https://www.momo.vn/cinema/how-to-make-millions-before-grandma-dies-23807/review,https://cinema.momocdn.net/img/51212590525459012-GiaTaiCuaNgoai_600x800-compressed.jpg,0,0,0,0,0,0,0,0,0,0,0,0,0,0,0,1,0,0,0,0,0,0,0,0,0,0,0,0,0,0,0,0
404 Chạy Ngay Đi (Chiếu Lại),"Kinh dị, Hài",27/12/2024,,https://www.momo.vn/cinema/404-run-run-24182/review,https://cinema.momocdn.net/img/75834623036246335-404pst.jpg?size=M,0,0,0,0,0,0,0,0,1,0,0,0,0,0,0,0,0,0,0,0,0,0,1,0,0,0,0,0,0,0,0,0
Kung Fu Panda 4,"Gia đình, Phiêu lưu, Hài, Hành động, Hoạt hình",08/03/2024,Mỹ,https://www.momo.vn/cinema/kung-fu-panda-4-23758/review,https://cinema.momocdn.net/img/33921126334732652-7quq3UOaaB0qNM7TMGMEqqghLck.jpg,0,0,0,0,0,1,0,0,0,0,0,0,1,0,0,0,0,1,0,0,1,0,1,0,0,0,0,0,0,0,0,0
Doraemon: Nobita và bản giao hưởng Địa Cầu,"Phiêu lưu, Âm Nhạc, Khoa học - Viễn tưởng, Giả tưởng, Hoạt hình",24/05/2024,Nhật Bản,https://www.momo.vn/cinema/doraemon-nobita-va-ban-giao-huong-dia-cau-23815/review,https://cinema.momocdn.net/img/57932774564813069-sKwOXRajl9YfnXHoisxSScs36YS.jpg,0,0,0,0,0,1,0,0,0,1,0,0,0,0,0,0,0,1,0,0,0,1,0,0,0,0,0,0,1,0,0,0
Tee Yod: Quỷ Ăn Tạng 3,"Gay cấn, Kinh dị, Hành động",10/10/2025,,https://www.momo.vn/cinema/teeyod-3-24546/review,https://cinema.momocdn.net/img/106705932614705309-payofffteeyod.png?size=M,0,0,0,0,0,0,0,0,1,0,0,0,1,0,0,0,0,0,0,1,0,0,0,0,0,0,0,0,0,0,0,0
Mưa Lửa - Anh Trai Vượt Ngàn Chông Gai Movie,"Âm Nhạc, Tài liệu",16/05/2025,,https://www.momo.vn/cinema/mua-lua-anh-trai-vuot-ngan-chong-gai-movie-24310/review,https://cinema.momocdn.net/img/75837038244383413-chonggai.png?size=M,0,0,0,0,0,0,0,0,0,0,0,0,0,0,0,0,0,0,0,0,0,0,0,0,0,0,0,0,1,0,1,0
Kẻ Ăn Hồn,"Gay cấn, Kinh dị, Ma",15/12/2023,Việt Nam,https://www.momo.vn/cinema/ke-an-hon-23688/review,https://cinema.momocdn.net/img/27776764754394249-kea.jpg,0,0,0,1,0,0,0,0,1,0,0,0,0,0,0,0,0,0,0,1,0,0,0,0,0,0,0,0,0,0,0,0
Cô Dâu Hào Môn,"Gia đình, Hài",18/10/2024,Việt Nam,https://www.momo.vn/cinema/co-dau-hao-mon-24038/review,https://cinema.momocdn.net/img/65599395929739586-Capture-2024-10-03-220855.png,0,0,0,0,0,0,0,0,0,0,0,0,0,0,0,0,0,0,0,0,1,0,1,0,0,0,0,0,0,0,0,0
Đẹp Trai Thấy Sai Sai,"Kinh dị, Hài",09/08/2024,Hàn Quốc,https://www.momo.vn/cinema/handsome-guys-23950/review,https://cinema.momocdn.net/img/52004062221019772-deptrai.jpg,0,0,0,0,0,0,0,0,1,0,0,0,0,0,0,0,0,0,0,0,0,0,1,0,0,0,0,0,0,0,0,0
Mang Mẹ Đi Bỏ,"Chính kịch, Gia đình",01/08/2025,,https://www.momo.vn/cinema/mang-me-di-bo-24313/review,https://cinema.momocdn.net/img/89435418967485480-mangmedibo.png?size=M,0,0,0,0,0,0,0,0,0,0,0,0,0,0,0,1,0,0,0,0,1,0,0,0,0,0,0,0,0,0,0,0
Nhà Bà Nữ,Chính kịch,22/01/2023,Việt Nam,https://www.momo.vn/cinema/the-house-of-no-man-879/review,https://cinema.momocdn.net/img/94559568477929376-2 (1).jpg,0,0,0,0,0,0,0,0,0,0,0,0,0,0,0,1,0,0,0,0,0,0,0,0,0,0,0,0,0,0,0,0
Linh Miêu: Quỷ Nhập Tràng,Kinh dị,22/11/2024,Việt Nam,https://www.momo.vn/cinema/linh-mieu-quy-nhap-trang-24045/review,https://cinema.momocdn.net/img/50706563295805291-Untitled-1.jpg,0,0,0,0,0,0,0,0,1,0,0,0,0,0,0,0,0,0,0,0,0,0,0,0,0,0,0,0,0,0,0,0
Vây Hãm: Kẻ Trừng Phạt,"Chính kịch, Hình sự, Hành động",26/04/2024,Hàn Quốc,https://www.momo.vn/cinema/the-roundup-punishment-23798/review,https://cinema.momocdn.net/img/53371822707621750-Vayham19.png,0,0,0,0,0,0,0,0,0,0,0,0,1,0,0,1,0,0,0,0,0,0,0,1,0,0,0,0,0,0,0,0
Deadpool và Wolverine,"Phiêu lưu, Khoa học - Viễn tưởng, Hài",27/07/2024,Mỹ,https://www.momo.vn/cinema/deadpool-wolverine-23808/review,https://cinema.momocdn.net/img/11560189508231871-Untitled-1.jpg,0,0,0,0,0,1,0,0,0,0,0,0,0,0,0,0,0,0,0,0,0,1,1,0,0,0,0,0,0,0,0,0
Aquaman: Vương Quốc Thất Lạc,"Siêu anh hùng, Phiêu lưu, Khoa học - Viễn tưởng, Hành động",22/12/2023,Mỹ,https://www.momo.vn/cinema/aquaman-and-the-lost-kingdom-23640/review,https://cinema.momocdn.net/img/25268918191652133-poster.jpg,1,0,0,0,0,1,0,0,0,0,0,0,1,0,0,0,0,0,0,0,0,1,0,0,0,0,0,0,0,0,0,0
Ma Không Đầu,"Kinh dị, Hài",24/06/2025,,https://www.momo.vn/cinema/tim-xac-ma-khong-dau-24281/review,https://cinema.momocdn.net/img/45523730113337120-makhongdau.png?size=M,0,0,0,0,0,0,0,0,1,0,0,0,0,0,0,0,0,0,0,0,0,0,1,0,0,0,0,0,0,0,0,0
Cưới Ma Giải Hạn,"Bí ẩn, Kinh dị, Hình sự, Giả tưởng, Hài, Hành động",11/04/2025,,https://www.momo.vn/cinema/the-red-envelope-24273/review,https://cinema.momocdn.net/img/80095524311539189-cuoima.png?size=M,0,0,0,0,0,0,0,0,1,1,0,0,1,0,0,0,0,0,1,0,0,0,1,1,0,0,0,0,0,0,0,0
Venom: Kèo Cuối,"Phiêu lưu, Khoa học - Viễn tưởng, Hành động",25/10/2024,Mỹ,https://www.momo.vn/cinema/venom-the-last-dance-24041/review,https://cinema.momocdn.net/img/50202423422837044-VENOM-compressed.jpg,0,0,0,0,0,1,0,0,0,0,0,0,1,0,0,0,0,0,0,0,0,1,0,0,0,0,0,0,0,0,0,0
Hoàng Tử Quỷ,"Kinh dị, Cổ Trang",05/12/2025,,https://www.momo.vn/cinema/the-demon-prince-24617/review,https://cinema.momocdn.net/img/51577021726826749-htq222.png?size=M,0,0,0,0,0,0,0,0,1,0,0,0,0,0,1,0,0,0,0,0,0,0,0,0,0,0,0,0,0,0,0,0
Cục Vàng Của Ngoại,"Chính kịch, Gia đình, Tâm lý",17/10/2025,,https://www.momo.vn/cinema/cuc-vang-cua-ngoai-24527/review,https://cinema.momocdn.net/img/88064256413412337-cucvang.png?size=M,0,0,0,0,0,0,0,0,0,0,0,0,0,0,0,1,0,0,0,0,1,0,0,0,0,0,0,0,0,0,0,1
Kẻ Trộm Mặt Trăng 4,"Gia đình, Phiêu lưu, Hài, Hoạt hình",05/07/2024,Mỹ,https://www.momo.vn/cinema/despicable-me-4-23843/review,https://cinema.momocdn.net/img/100994932101251203-dm4.jpg,0,0,0,0,0,1,0,0,0,0,0,0,0,0,0,0,0,1,0,0,1,0,1,0,0,0,0,0,0,0,0,0
Yadang: Ba Mặt Lật Kèo,Hình sự,16/05/2025,,https://www.momo.vn/cinema/yadang-the-snitch-24308/review,https://cinema.momocdn.net/img/123026536546288028-yadang.png?size=M,0,0,0,0,0,0,0,0,0,0,0,0,0,0,0,0,0,0,0,0,0,0,0,1,0,0,0,0,0,0,0,0
Tee Yod: Quỷ Ăn Tạng,"Gay cấn, Kinh dị, Giật gân",29/12/2023,Thái Lan,https://www.momo.vn/cinema/death-whisperer-23714/review,https://cinema.momocdn.net/img/28895535342546753-TY_300x400.jpg,0,0,0,0,0,0,0,0,1,0,0,0,0,0,0,0,0,0,0,1,0,0,0,0,0,0,1,0,0,0,0,0
Hẹn Em Ngày Nhật Thực,Lãng mạn,30/03/2026,,https://www.momo.vn/cinema/hen-em-ngay-nhat-thuc-24842/review,,0,0,1,0,0,0,0,0,0,0,0,0,0,0,0,0,0,0,0,0,0,0,0,0,0,0,0,0,0,0,0,0
Phí Phông: Quỷ Máu Rừng Thiêng,Kinh dị,20/04/2026,,https://www.momo.vn/cinema/phi-phong-quy-mau-rung-thieng-24843/review,,0,0,0,0,0,0,0,0,1,0,0,0,0,0,0,0,0,0,0,0,0,0,0,0,0,0,0,0,0,0,0,0
Song Hỷ Lâm Nguy,"Gia đình, Tâm lý, Hài",03/04/2026,,https://www.momo.vn/cinema/song-hy-lam-nguy-24869/review,,0,0,0,0,0,0,0,0,0,0,0,0,0,0,0,0,0,0,0,0,1,0,1,0,0,0,0,0,0,0,0,1
Dưới Bóng Điện Hạ,"Chính kịch, Lịch sử",10/04/2026,,https://www.momo.vn/cinema/the-kings-warden-24875/review,,0,0,0,0,0,0,0,0,0,0,0,0,0,0,0,1,0,0,0,0,0,0,0,0,0,0,0,1,0,0,0,0
Thoát Khỏi Tận Thế,"Bí ẩn, Phiêu lưu, Khoa học - Viễn tưởng",20/03/2026,,https://www.momo.vn/cinema/project-hail-mary-24648/review,,0,0,0,0,0,1,0,0,0,0,0,0,0,0,0,0,0,0,1,0,0,1,0,0,0,0,0,0,0,0,0,0
Một Bộ Phim Của Lee Cronin: Xác Ướp,"Bí ẩn, Kinh dị",17/04/2026,,https://www.momo.vn/cinema/lee-cronins-the-mummy-24884/review,,0,0,0,0,0,0,0,0,1,0,0,0,0,0,0,0,0,0,1,0,0,0,0,0,0,0,0,0,0,0,0,0
Phim Super Mario Thiên Hà,"Gia đình, Phiêu lưu, Giả tưởng, Hài, Hoạt hình",01/04/2026,,https://www.momo.vn/cinema/the-super-mario-galaxy-movie-24802/review,,0,0,0,0,0,1,0,0,0,1,0,0,0,0,0,0,0,1,0,0,1,0,1,0,0,0,0,0,0,0,0,0
Bẫy Tiền,Tâm lý,10/04/2026,,https://www.momo.vn/cinema/bay-tien-24640/review,,0,0,0,0,0,0,0,0,0,0,0,0,0,0,0,0,0,0,0,0,0,0,0,0,0,0,0,0,0,0,0,1
Trò Chơi Của Quỷ 2,"Kinh dị, Hài, Hành động",10/04/2026,,https://www.momo.vn/cinema/ready-or-not-here-i-come-24876/review,,0,0,0,0,0,0,0,0,1,0,0,0,1,0,0,0,0,0,0,0,0,0,1,0,0,0,0,0,0,0,0,0
Takhon: Quỷ Đội Lốt Người,"Gay cấn, Kinh dị",10/04/2026,,https://www.momo.vn/cinema/takhon-24877/review,,0,0,0,0,0,0,0,0,1,0,0,0,0,0,0,0,0,0,0,1,0,0,0,0,0,0,0,0,0,0,0,0
Vùng Đất Luân Hồi,"Chính kịch, Giả tưởng, Hoạt hình",27/03/2026,,https://www.momo.vn/cinema/another-world-24857/review,,0,0,0,0,0,0,0,0,0,1,0,0,0,0,0,1,0,1,0,0,0,0,0,0,0,0,0,0,0,0,0,0
Quỷ Dữ Từ Luyện Ngục,"Chính kịch, Hình sự, Kinh dị",10/04/2026,,https://www.momo.vn/cinema/king-keaw-24879/review,,0,0,0,0,0,0,0,0,1,0,0,0,0,0,0,1,0,0,0,0,0,0,0,1,0,0,0,0,0,0,0,0
Bẫy Hồi Sinh (chiếu lại),"Bí ẩn, Gay cấn, Kinh dị",22/08/2025,,https://www.momo.vn/cinema/the-ghost-game-24525/review,,0,0,0,0,0,0,0,0,1,0,0,0,0,0,0,0,0,0,1,1,0,0,0,0,0,0,0,0,0,0,0,0
Dịch Vụ Giao Hàng của Phù Thủy Kiki,"Chính kịch, Gia đình, Giả tưởng, Hoạt hình",10/04/2026,,https://www.momo.vn/cinema/kiki-delivery-24874/review,,0,0,0,0,0,0,0,0,0,1,0,0,0,0,0,1,0,1,0,0,1,0,0,0,0,0,0,0,0,0,0,0
Cô Bé Coraline,"Gia đình, Giả tưởng, Hoạt hình",27/03/2026,,https://www.momo.vn/cinema/coraline-24865/review,,0,0,0,0,0,0,0,0,0,1,0,0,0,0,0,0,0,1,0,0,1,0,0,0,0,0,0,0,0,0,0,0
